Datetime,Var1,Var2,Var3,Var4,Var5,Var6,Var7,Var8,Var9,Var10,Var11,Var12,Var13,Var14,Var15,Var16,Var17,Var18,Var19,Var20,Var21,Var22,Var23,Var24,Var25,Var26,Var27,Var28,Var29,Var30,Var31,Var32,Var33,Var34,Var35,Var36,Var37,Var38,Var39,Var40,Var41,Var42,Var43,Var44,Var45,Var46,Var47,Var48,Var49,Var50,Var51,Var52,Var53,Var54,Var55,Var56,Var57,Var58,Var59,Var60,Var61,Var62,Var63,Var64,Var65,Var66,Var67,Var68,Var69,Var70,Var71,Var72,Var73,Var74,Var75,Var76,Var77,Var78,Var79,Var80,Var81,Var82,Var83,Var84,Var85,Var86,Var87,Var88,Var89,Var90,Var91,Var92,Var93,Var94,Var95,Var96,Var97,Var98,Var99,Var100,Var101,Var102,Var103,Var104,Var105,Var106,Var107,Var108,Var109,Var110,Var111,Var112,Var113,Var114,Var115,Var116,Var117,Var118,Var119,Var120,Var121,Var122,Var123,Var124,Var125,Var126,Var127,Var128,Var129,Var130,Var131,Var132,Var133,Var134,Var135,Var136,Var137,Var138,Var139,Var140,Var141,Var142,Var143,Var144,Var145,Var146,Var147,Var148,Var149,Var150,Var151,Var152,Var153,Var154,Var155,Var156,Var157,Var158,Var159,Var160,Var161,Var162,Var163,Var164,Var165,Var166,Var167,Var168,Var169,Var170,Var171,Var172,Var173,Var174,Var175,Var176,Var177,Var178,Var179,Var180,Var181,Var182,Var183,Var184,Var185,Var186,Var187,Var188,Var189,Var190,Var191,Var192,Var193,Var194,Var195,Var196,Var197,Var198,Var199,Var200,Var201,Var202,Var203,Var204,Var205,Var206,Var207,Var208,Var209,Var210,Var211,Var212,Var213,Var214,Var215,Var216,Var217,Var218,Var219,Var220,Var221,Var222,Var223,Var224,Var225,Var226,Var227,Var228,Var229,Var230,Var231,Var232,Var233,Var234,Var235,Var236,Var237,Var238,Var239,Var240,Var241,Var242,Var243,Var244,Var245,Var246,Var247,Var248,Var249,Var250,Var251,Var252,Var253,Var254,Var255,Var256,Var257,Var258,Var259,Var260,Var261,Var262,Var263,Var264,Var265,Var266,Var267,Var268,Var269,Var270,Var271,Var272,Var273,Var274,Var275,Var276,Var277,Var278,Var279,Var280,Var281,Var282,Var283,Var284,Var285,Var286,Var287,Var288,Var289,Var290,Var291,Var292,Var293,Var294,Var295,Var296,Var297,Var298,Var299,Var300,Var301,Var302,Var303,Var304,Var305,Var306,Var307,Var308,Var309,Var310,Var311,Var312,Var313,Var314,Var315,Var316,Var317,Var318,Var319,Var320,Var321,Var322,Var323,Var324,Var325,Var326,Var327,Var328,Var329,Var330,Var331,Var332,Var333,Var334,Var335,Var336,Var337,Var338,Var339,Var340,Var341,Var342,Var343,Var344,Var345,Var346,Var347,Var348,Var349,Var350,Var351,Var352,Var353,Var354,Var355,Var356,Var357,Var358,Var359,Var360,Var361,Var362,Var363,Var364,Var365,Var366,Var367,Var368,Var369,Var370,Var371,Var372,Var373,Var374,Var375,Var376,Var377,Var378,Var379,Var380,Var381,Var382,Var383,Var384,Var385,Var386,Var387,Var388,Var389,Var390,Var391,Var392,Var393,Var394,Var395,Var396,Var397,Var398,Var399,Var400,Var401,Var402,Var403,Var404,Var405,Var406,Var407,Var408,Var409,Var410,Var411,Var412,Var413,Var414,Var415,Var416,Var417,Var418,Var419,Var420,Var421,Var422,Var423,Var424,Var425,Var426,Var427,Var428,Var429,Var430,Var431,Var432,Var433,Var434,Var435,Var436,Var437,Var438,Var439,Var440,Var441,Var442,Var443,Var444,Var445,Var446,Var447,Var448,Var449,Var450,Var451,Var452,Var453,Var454,Var455,Var456,Var457,Var458,Var459,Var460,Var461,Var462,Var463,Var464,Var465,Var466,Var467,Var468,Var469,Var470,Var471,Var472,Var473,Var474,Var475,Var476,Var477,Var478,Var479,Var480,Var481,Var482,Var483,Var484,Var485,Var486,Var487,Var488
20-Sep-2016 00:00:00,260,332.4,343.2,0,0,0,114,0,0,0,0,0,223.8,224.7,0,0,0,0,0,0,0,0,0,0,0,0,0,0,0,0,0,0,0,0,0,0,0,5.2,68,68,109.2,221,264,261.2,231,244,0,0,0,0,0,27.2,27.2,27.2,27.2,27.2,27,0,0,0,0,0,0,0,0,0,0,0,0,0,0,24.8,0,0,0,75,107,138,0,54.4,0,0,0,0,0,0,0,0,0,0,0,0,0,0,0,0,0,0,0,3.36,3.36,3.36,3.36,3.36,3.36,3.36,0,0,0,0,0,0,0,0,0,516,0,1205,1195,320,322,322,254,236,236,174,336,330,168,168,156.4,0,0,0,1280,1280,61,61.2,224,314,24.3,0,186.4,0,119,119,138,124.8,28,28,28,28,28,28,0,0,0,0,0,47,28.5,57.5,72,72,72,72,72,72,36,27,27,27,76,31,18,0,0,0,0,0,75,32,53,53,55,50,94.4,8,8,8,8,29,20,7.2,20,20,35,0,0,0,0,15,23.8,0,213.2,15,15,15,14,179.2,118,118,168,190,145,59,84.8,214,109,109,109,109,148.5,0,0,366,199,199,192,197,198,202,350,361,272.8,118,119,120,312,550,211.2,172,172,179,182,201.9,201.9,201.9,201.9,201.9,201.9,204,0,391,174,134,101,99,99.9024888844988,86,469,0,0,143.6,207.2,253.617999888006,248,248,307.2,0,155,155,150,272,231,0,0,0,0,34.274551875,387.6,82.8,0,0,176.4,176.4,36.102527975,36.102527975,36.102527975,18.279761,0,37.7020070625,37.47351005,35.64553395,68.54910375,38.3874981,34.9600429125,45.242408475,27.876635525,17.1372759375,41.8149532875,37,37,14,55.113479415,52.09731885,97.339727325,84.0869006,102.1381645875,52.554312875,61.694193375,61.694193375,47.984372625,0,0,93.2,93.6,36.7880190125,56.758657905,91.398805,38.3874981,41.12946225,45.6994025,45.6994025,52.554312875,53.468300925,57.8097441625,95.511751225,28.790623575,580,77.780383055,54.839283,46.24779533,64.71035394,64.71035394,26.048659425,36.559522,31.80678414,98.0252183625,68.3206067375,85.00088865,51.4118278125,27.4196415,68.54910375,77.4604872375,68.54910375,55.7075716475,73.119044,0,74.1701302575,65.1216485625,52.7828098875,40.2154742,41.12946225,26.87124867,27.4196415,42.317646715,27.4196415,113.791512225,82.2589245,90.027822925,64.436157525,45.6994025,68.54910375,54.839283,91.4445044025,34.274551875,34.274551875,22.6212042375,11.6533476375,23.306695275,10.9678566,66.264133625,38,53.468300925,48.898360675,0,91.398805,92.12999544,45.6994025,47.070384575,45.6994025,46.61339055,68.54910375,68.54910375,96.425739275,75.404014125,45.608003695,211,211,312,211,211,312,286.8,51.4118278125,68.54910375,4.56994025,57.124253125,0,0,0,68.54910375,0,0,65.9442378075,65.9442378075,117.447464425,45.6994025,45.6994025,73.576038025,43.8714264,44.78541445,50.26934275,15,93.2267811,48.898360675,47.070384575,75.404014125,30.89279609,91.398805,48.25856904,48.25856904,46.61339055,44.78541445,7.48,7.48,7.48,7.48,7.48,7.48,7.48,7.48,7.48,7.48,7.48,7.48,47.435979795,48.5784648575,35.64553395,68.54910375,68.54910375,68.54910375,47.5273786,47.070384575,0,600,220,5,210,17.2,64,60,60,60,3,0,12,26,26,60,60,60,0,0,0,0,59.6377202625,54.839283,41.586456275,45.6994025,45.6994025,66.72112765,69.920085825,13.70982075,0,0,0,0,0,0,0,0,0,0,0,0,254
20-Sep-2016 01:00:00,260,332.4,343.2,0,0,0,114,0,0,0,0,0,111.9,112.35,0,0,0,0,0,0,0,0,0,0,0,0,0,0,0,0,0,0,0,0,0,0,0,5.2,68,68,109.2,221,299,293,231,250,0,0,0,0,0,27.2,27.2,27.2,27.2,27.2,27,0,0,0,0,0,0,0,0,0,0,0,0,0,0,24.8,0,0,0,75,107,138,0,54.4,0,0,0,0,0,0,0,0,0,0,0,0,0,0,0,0,0,0,0,3.36,3.36,3.36,3.36,3.36,3.36,3.36,0,0,0,0,0,0,0,0,0,516,0,1205,1195,320,322,322,254,236,236,174,336,330,168,168,156.4,0,0,0,1280,1280,61,61.2,224,314,0,0,186.4,0,119,119,138,124.8,28,28,28,28,28,28,0,0,0,0,0,47,28.5,57.5,72,72,72,72,72,72,36,27,27,27,76,31,18,0,0,0,0,0,75,32,66,66,69,62,94.4,8,8,8,8,29,20,7.2,20,20,35,0,0,0,0,15,23.8,0,373,15,15,15,14,179.2,118,118,168,190,145,59,84.8,214,109,109,109,109,0,0,0,366,199,199,192,197,198,202,350,350.414182509208,272.8,118,119,120,312,550,0,172,172,179,182,201.9,201.9,201.9,201.9,201.9,201.9,204,0,391,174,134,135,132,132,115,469,0,0,143.6,207.2,207.2,248,248,597.181344062399,0,155,155,150,272,0,0,0,0,0,31.5685323,387.6,0,0,0,0,0,33.252187356,33.252187356,33.252187356,16.83655056,0,34.72538553,34.514928648,32.831273592,63.1370646,35.356756176,32.199902946,41.670462636,25.675739604,15.78426615,38.513609406,37,37,14,50.7621999384,47.984169096,89.654631732,77.448132576,94.074226254,48.40508286,56.82335814,56.82335814,44.19594522,0,0,93.2,93.6,33.883558002,52.2774894888,84.1827528,35.356756176,37.88223876,42.0913764,42.0913764,48.40508286,49.246910388,53.245591146,87.970976676,26.517567132,640,71.6395226328,50.50965168,42.5964729168,59.6013889824,59.6013889824,23.992084548,33.67310112,29.2955979744,90.286002378,62.926607718,78.289960104,47.35279845,25.25482584,63.1370646,71.344882998,63.1370646,51.3093878316,67.34620224,0,68.3143038972,59.98021137,48.615539742,37.040411232,37.88223876,24.7497293232,25.25482584,38.9766145464,25.25482584,104.807527236,75.76447752,82.920011508,59.348840724,42.0913764,63.1370646,50.50965168,84.2248441764,31.5685323,31.5685323,20.835231318,10.733300982,21.466601964,10.101930336,61.03249578,48,49.246910388,45.037772748,0,84.1827528,84.8562148224,42.0913764,43.354117692,42.0913764,42.933203928,63.1370646,63.1370646,88.812804204,69.45077106,42.0071936472,211,211,312,211,211,312,286.8,47.35279845,63.1370646,4.20913764,52.6142205,0,0,0,63.1370646,0,0,60.7378561452,60.7378561452,108.174837348,42.0913764,42.0913764,67.767116004,40.407721344,41.249548872,46.30051404,15,85.866407856,45.037772748,43.354117692,69.45077106,28.4537704464,84.1827528,44.4484934784,44.4484934784,42.933203928,41.249548872,7.48,7.48,7.48,7.48,7.48,7.48,7.48,7.48,7.48,7.48,7.48,7.48,43.6908487032,44.7431331132,32.831273592,63.1370646,63.1370646,63.1370646,43.775031456,43.354117692,0,600,220,5,210,17.2,64,60,60,60,3,0,12,26,26,60,60,60,0,0,0,0,54.929246202,50.50965168,38.303152524,42.0913764,42.0913764,61.453409544,64.399805892,12.62741292,0,0,0,0,0,0,0,0,0,0,0,0,254
20-Sep-2016 02:00:00,260,332.4,343.2,0,0,0,114,0,0,0,0,0,0,0,0,0,0,0,0,0,0,0,0,0,0,0,0,0,0,0,0,0,0,0,0,0,0,5.2,68,68,109.2,221,359,353,277,310,0,0,0,0,0,27.2,27.2,27.2,27.2,27.2,27,0,0,0,0,0,0,0,0,0,0,0,0,0,0,24.8,0,0,0,75,107,138,0,54.4,0,0,0,0,0,0,0,0,0,0,0,0,0,0,0,0,0,0,0,3.36,3.36,3.36,3.36,3.36,3.36,3.36,0,0,0,0,0,0,0,0,0,516,0,1205,1195,320,322,322,254,236,236,174,336,330,168,168,156.4,0,0,0,1280,1280,61,61.2,224,365,0,0,186.4,0,119,119,138,124.8,28,28,28,28,28,28,0,0,0,0,0,47,28.5,57.5,72,72,72,72,72,72,36,27,27,27,76,31,18,0,0,0,0,0,75,32,66,66,69,62,94.4,8,8,8,8,29,20,7.2,20,20,35,0,0,0,0,15,23.8,0,499.1049903679,15,15,15,14,179.2,118,118,168,190,145,59,84.8,214,109,109,109,109,0,0,0,366,199,199,192,197,198,202,207.283053596199,206.4,272.8,118,119,120,312,550,0,172,172,179,182,201.9,201.9,201.9,201.9,201.9,201.9,204,0,391,174,134,135,132,132,115,469,0,0,143.6,207.2,207.2,248,248,768,0,155,155,150,272,0,0,0,0,0,29.543069175,387.6,0,0,0,0,0,31.118699531,31.118699531,31.118699531,15.75630356,0,32.4973760925,32.300422298,30.724791942,59.08613835,33.088237476,30.1339305585,38.996851311,24.028362929,14.7715345875,36.0425443935,37,37,14,47.5052552334,44.905465146,83.902316457,72.478996376,88.0383461415,45.299372735,53.177524515,53.177524515,41.360296845,0,0,93.2,93.6,31.7095609145,48.9233225538,78.7815178,33.088237476,35.45168301,39.3907589,39.3907589,45.299372735,46.087187913,49.8293100085,82.326686101,24.816178107,700,67.0430716478,47.26891068,39.8634480068,55.7773146024,55.7773146024,22.452732573,31.51260712,27.4159681944,84.4931778405,58.8891845555,73.266811554,44.3146037625,23.63445534,59.08613835,66.7673363355,59.08613835,48.0173350991,63.02521424,0,63.9312016947,56.1318314325,45.4963265295,34.663867832,35.45168301,23.1617662332,23.63445534,36.4758427414,23.63445534,98.082989661,70.90336602,77.599795033,55.540970049,39.3907589,59.08613835,47.26891068,78.8209085589,29.543069175,29.543069175,19.4984256555,10.0446435195,20.089287039,9.453782136,57.116600405,48,46.087187913,42.148112023,0,78.7815178,79.4117699424,39.3907589,40.572481667,39.3907589,40.178574078,59.08613835,59.08613835,83.114501279,64.994752185,39.3119773822,211,211,312,211,211,312,286.8,44.3146037625,59.08613835,3.93907589,49.238448625,0,0,0,59.08613835,0,0,56.8408650927,56.8408650927,101.234250373,39.3907589,39.3907589,63.419121829,37.815128544,38.602943722,43.32983479,15,80.357148156,42.148112023,40.572481667,64.994752185,26.6281530164,78.7815178,41.5966413984,41.5966413984,40.178574078,38.602943722,7.48,7.48,7.48,7.48,7.48,7.48,7.48,7.48,7.48,7.48,7.48,7.48,40.8876077382,41.8723767107,30.724791942,59.08613835,59.08613835,59.08613835,40.966389256,40.572481667,0,600,220,5,210,17.2,64,60,60,60,3,0,12,26,26,60,60,60,0,0,0,0,51.4049403645,47.26891068,35.845590599,39.3907589,39.3907589,57.510507994,60.267861117,11.81722767,0,0,0,0,0,0,0,0,0,0,0,0,254
20-Sep-2016 03:00:00,260,387.598708103799,403.2,0,0,0,114,0,0,0,0,0,0,0,0,0,0,0,0,0,0,0,0,0,0,0,0,0,0,0,0,0,0,0,0,0,0,5.2,68,68,109.2,221,419,413,337,370,0,0,0,0,0,27.2,27.2,27.2,27.2,27.2,27,0,0,0,0,0,0,0,0,0,0,0,0,0,0,24.8,0,0,0,75,107,138,0,54.4,0,0,0,0,0,0,0,0,0,0,0,0,0,0,0,0,0,0,0,3.36,3.36,3.36,3.36,3.36,3.36,3.36,0,0,0,0,0,0,0,0,0,516,0,1205,1195,320,322,322,275,236,236,174,342,334,168,168,156.4,0,0,0,1280,1280,61,61.2,224,425,0,0,326,0,149,149,172,124.8,28,28,28,28,28,28,0,0,0,0,0,47,28.5,57.5,72,72,72,72,72,72,36,27,27,27,76,31,18,0,0,0,0,0,75,32,66,66,69,62,94.4,8,8,8,8,29,20,7.2,20,20,35,0,0,0,0,15,23.8,0,533,15,15,15,14,314,118,118,168,190,145,59,84.8,214,109,109,109,109,0,0,0,366,199,199,192,197,198,202,350,361,272.8,118,119,123.377682759407,312,550,0,172,172,179,182,201.9,201.9,201.9,201.9,201.9,201.9,204,0,391,174,134,169,132.0729395544,132,115,469,0,0,143.6,363,363,248,248,768,0,155,155,150,476,0,0,0,0,0,26.9481828,387.6,0,0,0,0,0,28.385419216,28.385419216,28.385419216,14.37236416,0,29.64300108,29.463346528,28.026110112,53.8963656,30.181964736,27.487146456,35.571601296,21.917855344,13.4740914,32.876783016,37,37,14,43.3326779424,40.961237856,76.532839152,66.112875136,80.305584744,41.32054696,48.50672904,48.50672904,37.72745592,0,0,93.2,93.6,28.924382872,44.6261907168,71.8618208,30.181964736,32.33781936,35.9309104,35.9309104,41.32054696,42.039165168,45.452601656,75.095602736,22.636473552,760,61.1544095008,43.11709248,36.3620813248,50.8781691264,50.8781691264,20.480618928,28.74472832,25.0079136384,77.071802808,53.716711048,66.831493344,40.4222742,21.55854624,53.8963656,60.902893128,53.8963656,43.7997797776,57.48945664,0,58.3158675792,51.20154732,41.500201512,31.619201152,32.33781936,21.1273753152,21.55854624,33.2720230304,21.55854624,89.467966896,64.67563872,70.783893488,50.662583664,35.9309104,53.8963656,43.11709248,71.8977517104,26.9481828,26.9481828,17.785800648,9.162382152,18.324764304,8.623418496,52.09982008,48,42.039165168,38.446074128,0,71.8618208,72.4367153664,35.9309104,37.008837712,35.9309104,36.649528608,53.8963656,53.8963656,75.814220944,59.28600216,35.8590485792,211,211,312,211,211,312,502,40.4222742,53.8963656,3.59309104,44.913638,0,0,0,53.8963656,0,0,51.8483037072,51.8483037072,92.342439728,35.9309104,35.9309104,57.848765744,34.493673984,35.212292192,39.52400144,15,73.299057216,38.446074128,37.008837712,59.28600216,24.2892954304,71.8618208,37.9430413824,37.9430413824,36.649528608,35.212292192,7.48,7.48,7.48,7.48,7.48,7.48,7.48,7.48,7.48,7.48,7.48,7.48,37.2962849952,38.1945577552,28.026110112,53.8963656,53.8963656,53.8963656,37.368146816,37.008837712,0,600,220,5,210,17.2,64,60,60,60,3,0,12,26,26,60,60,60,0,0,0,0,46.889838072,43.11709248,32.697128464,35.9309104,35.9309104,52.459129184,54.974292912,10.77927312,0,0,0,0,0,0,0,0,0,0,0,0,254
20-Sep-2016 04:00:00,260,447.598708103799,463.2,0,0,0,114,0,0,0,0,0,0,0,0,0,0,0,0,0,0,0,0,0,0,0,0,0,0,0,0,0,0,0,0,0,0,5.2,68,68,109.2,221,479,473,397,430,0,0,0,0,0,27.2,27.2,27.2,27.2,27.2,27,0,0,0,0,0,0,0,0,0,0,0,0,0,0,24.8,0,0,0,75,107,138,0,54.4,0,0,0,0,0,0,0,0,0,0,0,0,0,0,0,0,0,0,0,3.36,3.36,3.36,3.36,3.36,3.36,3.36,0,0,0,0,0,0,0,0,0,516,0,1205,1195,320,322,322,335,263,251.766085349587,174,402,394,168,168,156.4,0,0,0,1280,1280,61,61.2,284,485,0,0,326,0,149,149,172,124.8,38,38,38,38,38,38,0,0,0,0,0,47,28.5,57.5,72,72,72,72,72,72,36,27,27,27,76,31,18,0,0,0,0,0,75,32,66,66,69,62,94.4,8,8,8,8,29,20,7.2,20,20,35,0,0,0,0,15,23.8,0,533,15,15,15,14,420.0824916884,118,118,168,190,145,59,84.8,214,109,109,109,109,0,0,0,366,249,249,240,197,222.895949461815,202,350,361,477,148,149,150,390,785,0,215,215,224,227,201.9,201.9,201.9,201.9,201.9,201.9,357,0,558,249,167,169,165,165,144,469,0,0,251,363,363,434,434,768,0,155,155,150,476,0,0,0,0,0,26.2652283,387.6,0,0,0,0,0,27.666040476,27.666040476,27.666040476,14.00812176,0,28.89175113,28.716649608,27.315837432,52.5304566,29.417055696,26.790532866,34.670101356,21.362385684,13.13261415,32.043578526,46,46,18,42.2344871064,39.923147016,74.593248372,64.437360096,78.270380334,40.27335006,47.27741094,47.27741094,36.77131962,0,0,93.2,93.6,28.191345042,43.4952180648,70.0406088,29.417055696,31.51827396,35.0203044,35.0203044,40.27335006,40.973756148,44.300685066,73.192436196,22.062791772,820,59.6045580888,42.02436528,35.4405480528,49.5887510304,49.5887510304,19.961573508,28.01624352,24.3741318624,75.118552938,52.355355078,65.137766184,39.39784245,21.01218264,52.5304566,59.359415958,52.5304566,42.6897510636,56.03248704,0,56.8379540412,49.90393377,40.448451582,30.817867872,31.51827396,20.5919389872,21.01218264,32.4288018744,21.01218264,87.200557956,63.03654792,68.989999668,49.378629204,35.0203044,52.5304566,42.02436528,70.0756291044,26.2652283,26.2652283,17.335050678,8.930177622,17.860355244,8.404873056,50.77944138,48,40.973756148,37.471725708,0,70.0406088,70.6009336704,35.0203044,36.070913532,35.0203044,35.720710488,52.5304566,52.5304566,73.892842284,57.78350226,34.9502637912,211,211,312,211,211,312,502,39.39784245,52.5304566,3.50203044,43.7753805,0,0,0,52.5304566,0,0,50.5342992492,50.5342992492,90.002182308,35.0203044,35.0203044,56.382690084,33.619492224,34.319898312,38.52233484,15,71.441420976,37.471725708,36.070913532,57.78350226,23.6737257744,70.0406088,36.9814414464,36.9814414464,35.720710488,34.319898312,11,11,11,11,11,11,11,11,11,11,11,11,36.3510759672,37.2265835772,27.315837432,52.5304566,52.5304566,52.5304566,36.421116576,36.070913532,0,600,220,5,368,30,64,60,60,60,3,0,12,26,26,60,60,60,0,0,0,0,45.701497242,42.02436528,31.868477004,35.0203044,35.0203044,51.129644424,53.581065732,10.50609132,0,0,0,0,0,0,0,0,0,0,0,0,254
20-Sep-2016 05:00:00,320,507.598708103799,523.2,0,0,0,114,0,0,0,0,0,0,0,0,0,0,0,0,0,0,0,0,0,0,0,0,0,0,0,0,0,0,0,0,0,0,5.2,68,68,109.2,221,539,533,457,490,0,0,0,0,0,27.2,27.2,27.2,27.2,27.2,27,0,0,0,0,0,0,0,0,0,0,0,0,0,0,24.8,0,0,0,75,107,138,0,54.4,0,0,0,0,0,0,0,0,0,0,0,0,0,0,0,0,0,0,0,3.36,3.36,3.36,3.36,3.36,3.36,3.36,0,0,0,0,0,0,0,0,0,516,0,1205,1195,320,325,325,395,323,311.766085349587,195,462,454,168,168,156.4,0,0,0,1280,1280,61,61.2,320,545,0,0,326,0,149,149,172,124.8,38,38,38,38,38,38,0,0,0,0,0,47,28.5,57.5,72,72,72,72,72,72,36,27,27,27,76,31,18,0,0,0,0,0,75,32,66,66,69,62,94.4,8,8,8,8,29,20,7.2,20,20,35,0,0,0,0,15,23.8,0,533,15,15,15,14,448,118,118,168,190,145,59,84.8,214,109,109,109,109,0,0,0,366,249,199,240,246,247,222.670027413615,350,361,477,148,149,150,390,785,0,215,215,224,227,201.9,201.9,201.9,201.9,201.9,201.9,357,0,558,249,167,169,165,165,144,469,0,0,251,363,363,434,434,768,0,155,155,150,476,0,0,0,0,0,24.011271375,453.2577800995,0,0,0,0,0,25.291872515,25.291872515,25.291872515,12.8060114,0,26.4123985125,26.25232337,24.97172223,48.02254275,26.89262394,24.4914968025,31.694878215,19.529167385,12.0056356875,29.2937510775,46,46,18,38.610124371,36.49713249,68.192010705,58.90765244,71.5535886975,36.817282775,43.220288475,43.220288475,33.615779925,0,0,93.2,93.6,25.7720979425,39.762665397,64.030057,26.89262394,28.81352565,32.0150285,32.0150285,36.817282775,37.457583345,40.4990110525,66.911409565,20.169467955,880,54.489578507,38.4180342,32.399208842,45.333280356,45.333280356,18.248566245,25.6120228,22.282459836,68.6722361325,47.8624676075,59.54795301,36.0169070625,19.2090171,48.02254275,54.2654733075,48.02254275,39.0263197415,51.2240456,0,51.9603912555,45.6214156125,36.9773579175,28.17322508,28.81352565,18.824836758,19.2090171,29.645916391,19.2090171,79.717420965,57.6270513,63.069606145,45.141190185,32.0150285,48.02254275,38.4180342,64.0620720285,24.011271375,24.011271375,15.8474391075,8.1638322675,16.327664535,7.68360684,46.421791325,48,37.457583345,34.256080495,0,64.030057,64.542297456,32.0150285,32.975479355,32.0150285,32.65532907,48.02254275,48.02254275,67.551710135,52.824797025,31.950998443,211,211,312,211,211,312,502,36.0169070625,48.02254275,3.20150285,40.018785625,0,0,0,48.02254275,0,0,46.1976861255,46.1976861255,82.278623245,32.0150285,32.0150285,51.544195885,30.73442736,31.37472793,35.21653135,15,65.31065814,34.256080495,32.975479355,52.824797025,21.642159266,64.030057,33.807870096,33.807870096,32.65532907,31.37472793,11,11,11,11,11,11,11,11,11,11,11,11,33.231599583,34.0319752955,24.97172223,48.02254275,48.02254275,48.02254275,33.29562964,32.975479355,0,600,220,5,368,30,64,60,60,60,3,0,12,26,26,60,60,60,0,0,0,0,41.7796121925,38.4180342,29.133675935,32.0150285,32.0150285,46.74194161,48.982993605,9.60450855,0,0,0,0,0,0,0,0,0,0,0,0,254
20-Sep-2016 06:00:00,380,567.598708103799,583.2,0,0,126.6,114,0,0,0,0,0,0,0,0,0,0,0,0,0,0,0,0,0,0,0,0,0,0,0,0,0,0,0,0,0,0,5.2,68,68,109.2,221,599,593,517,550,0,0,0,0,0,27.2,27.2,27.2,27.2,27.2,27,0,0,0,0,0,0,0,0,0,0,0,0,0,0,24.8,0,0,0,75,107,138,0,54.4,0,0,0,0,0,0,0,0,0,0,0,0,0,0,0,0,0,0,0,3.36,3.36,3.36,3.36,3.36,3.36,3.36,0,0,0,0,0,0,0,0,0,516,0,1205,1195,380,385,385,455,383,371.766085349587,255,522,514,171,171,156.4,0,0,0,1280,1280,61,61.2,380,605,0,0,326,0,149,149,172,124.8,38,38,38,38,38,38,0,0,0,0,0,47,28.5,57.5,72,72,72,72,72,72,36,27,27,27,76,31,18,0,0,0,0,0,75,32,66,66,69,62,94.4,8,8,8,8,29,20,7.2,20,20,35,0,0,0,0,15,23.8,0,533,15,15,15,14,448,118,118,168,190,145,59,84.8,214,109,109,109,109,0,0,0,366,249,249,240,246,247,252,350,405.024471431031,477,148,149,150,390,785,0,215,215,224,227,201.9,201.9,201.9,201.9,201.9,201.9,357,0,558,249,167,169,165,165,144,469,0,0,251,363,363,434,434,768,0,155,155,150,476,154,0,0,0,0,20.6022636,450.151874425799,0,183.8,0,117.6,117.6,21.701050992,21.701050992,21.701050992,10.98787392,0,22.66248996,22.525141536,21.426354144,41.2045272,23.074535232,21.014308872,27.194987952,16.756507728,10.3011318,25.134761592,46,46,18,33.1284398688,31.315440672,58.510428624,50.544220032,61.394745528,31.59013752,37.08407448,37.08407448,28.84316904,0,0,93.2,93.6,22.113096264,34.1173485216,54.9393696,23.074535232,24.72271632,27.4696848,27.4696848,31.59013752,32.139531216,34.749151272,57.411641232,17.305901424,940,46.7534035296,32.96362176,27.7993210176,38.8970736768,38.8970736768,15.657720336,21.97574784,19.1189006208,58.922473896,41.067178776,51.093613728,30.9033954,16.48181088,41.2045272,46.561115736,41.2045272,33.4855457712,43.95149568,0,44.5832984304,39.14430084,31.727485944,24.173322624,24.72271632,16.1521746624,16.48181088,25.4369281248,16.48181088,68.399515152,49.44543264,54.115279056,38.732255568,27.4696848,41.2045272,32.96362176,54.9668392848,20.6022636,20.6022636,13.597493976,7.004769624,14.009539248,6.592724352,39.83104296,48,32.139531216,29.392562736,1.60475235,54.9393696,55.3788845568,27.4696848,28.293775344,27.4696848,28.019078496,41.2045272,41.2045272,57.961034928,45.32497992,27.4147454304,211,211,312,211,211,312,502,30.9033954,41.2045272,2.74696848,34.337106,0,0,2.1771140215,41.2045272,1.615450699,2.118273102,39.6387551664,39.6387551664,70.597089936,27.4696848,27.4696848,44.226192528,26.370897408,26.920291104,30.21665328,15,56.038156992,29.392562736,28.293775344,45.32497992,18.5695069248,54.9393696,29.0079871488,29.0079871488,28.019078496,26.920291104,11,11,11,11,11,11,11,11,11,11,11,11,28.5135328224,29.2002749424,21.426354144,41.2045272,41.2045272,41.2045272,28.568472192,28.293775344,8.5586792,600,220,5,368,30,64,60,60,60,3,0,12,26,26,60,60,60,0,0,0,0.53491745,35.847938664,32.96362176,24.997413168,27.4696848,27.4696848,40.105739808,42.028617744,8.24090544,0.7221385575,0.53491745,8.02376175,5.3491745,6.4190094,5.45615799,2.67458725,0.823772873,5.3491745,0.567012497,0.5295682755,0.5295682755,254
20-Sep-2016 07:00:00,440,627.598708103799,643.2,0,0,189.9,114,0,0,0,0,28.4,0,0,0,0,0,0,0,0,0,0,0,0,0,0,0,0,0,0,0,0,0,0,0,0,0,5.2,124.0101127532,127,205,304,659,653,577,610,0,0,0,0,0,54,54,54,54,54,54,0,0,0,0,0,0,0,0,0,0,0,0,0,0,24.8,0,0,0,75,107,138,0,54.4,0,0,0,0,0,0,0,0,0,0,0,0,0,0,0,0,0,0,0,3.36,3.36,3.36,3.36,3.36,3.36,3.36,0,0,0,0,0,0,0,0,0,516,126.6,1205,1195,440,445,445,515,443,431.766085349587,315,582,574,231,231,156.4,0,0,0,1280,1280,61,61.2,440,665,0,0,466,0,149,149,172,124.8,38,38,38,38,38,38,0,0,0,0,0,47,28.5,57.5,72,72,72,72,72,72,36,27,27,27,76,31,18,0,0,0,0,0,75,32,66,66,69,62,94.4,20,20,20,20,72,20,7.2,20,20,35,0,0,0,0,15,23.8,0,533,15,15,15,14,448,118,118,168,190,145,59,212,214,109,109,109,109,0,0,0,366,249,249,240,246,247,252,500,516,477,148,149,150,390,785,0,215,215,224,227,201.9,201.9,201.9,201.9,201.9,201.9,357,105,558,249,167,169,165,165,144,469,0,0,251,518,518,434,434,768,0,155,155,150,554.165925947415,231,0,0,0,0,13.9297746,726.987875662599,0,275.7,183.8,176.4,176.4,14.672695912,14.672695912,14.672695912,7.42921312,0,15.32275206,15.229886896,14.486965584,27.8595492,15.601347552,14.208370092,18.387302472,11.329550008,6.9648873,16.994325012,46,46,18,22.3990775568,21.173257392,39.560559864,34.174380352,41.510728308,21.35898772,25.07359428,25.07359428,19.50168444,0,0,93.2,93.6,14.951291404,23.0677067376,37.1460656,15.601347552,16.71572952,18.5730328,18.5730328,21.35898772,21.730448376,23.494886492,38.817638552,11.701010664,940,31.6113018256,22.28763936,18.7959091936,26.2994144448,26.2994144448,10.586628696,14.85842624,12.9268308288,39.839155356,27.766684036,34.545841008,20.8946619,11.14381968,27.8595492,31.481290596,27.8595492,22.6405269832,29.71685248,0,30.1440322344,26.46657174,21.451852884,16.344268864,16.71572952,10.9209432864,11.14381968,17.1986283728,11.14381968,46.246851672,33.43145904,36.588874616,26.187976248,18.5730328,27.8595492,22.28763936,37.1646386328,13.9297746,13.9297746,9.193651236,4.736123364,9.472246728,4.457527872,26.93089756,48,21.730448376,19.873145096,7.45479411,37.1460656,37.4432341248,18.5730328,19.130223784,18.5730328,18.944493456,27.8595492,27.8595492,39.189099208,30.64550412,18.5358867344,211,211,312,211,211,312,717,20.8946619,27.8595492,1.85730328,23.216291,0,0,10.1136706759,27.8595492,7.5044927374,9.8403282252,26.8008863304,26.8008863304,47.732694296,18.5730328,18.5730328,29.902582808,17.830111488,18.201572144,20.43033608,15,37.888986912,19.873145096,19.130223784,30.64550412,12.5553701728,37.1460656,19.6131226368,19.6131226368,18.944493456,18.201572144,11,11,11,11,11,11,11,11,11,11,11,11,19.2788080464,19.7431338664,14.486965584,27.8595492,27.8595492,27.8595492,19.315954112,19.130223784,39.75890192,600,220,5,525,43,79.6,75,75,75,4,0,30,65,65,150,150,150,0,0,0,2.48493137,24.237807804,22.28763936,16.901459848,18.5730328,18.5730328,27.116627888,28.416740184,5.57190984,3.3546573495,2.48493137,37.27397055,24.8493137,29.81917644,25.346299974,12.42465685,3.8267943098,24.8493137,2.6340272522,2.4600820563,2.4600820563,254
20-Sep-2016 08:00:00,500,687.598708103799,703.2,0,0,253.2,114,0,26.15,0,0,85.2,0,0,0,0,0,0,0,0,0,0,0,0,0,0,0,0,0,0,0,0,0,0,0,0,0,13,169,169,273,552,659,653,577,610,0,0,0,0,0,68,68,68,68,68,67,0,0,0,0,0,0,0,0,0,0,0,0,0,0,24.8,0,0,0,75,107,138,0,54.4,0,0,0,0,0,0,0,0,0,0,0,0,0,0,0,0,0,0,0,3.36,3.36,3.36,3.36,3.36,3.36,3.36,0,0,0,0,0,0,0,0,0,516,189.9,1205,1195,500,505,505,575,503,491.766085349587,375,642,634,291,291,156.4,0,0,0,1280,1280,92,93,500,725,0,0,466,0,149,149,172,124.8,38,38,38,38,38,38,0,0,0,0,0,47,28.5,57.5,72,72,72,72,72,72,36,27,27,27,76,31,18,0,0,0,0,0,75,32,66,66,69,62,94.4,20,20,20,20,72,20,7.2,20,20,35,0,0,0,0,15,23.8,0,533,15,15,15,14,448,118,118,168,190,145,59,212,214,109,109,109,109,99,0,0,366,249,249,240,246,247,252,500,516,682,148,149,150,390,785,140.8,215,215,224,227,201.9,201.9,201.9,201.9,201.9,201.9,510,157.5,558,249,167,169,165,165,144,469,0,0,268.959889426816,518,518,620,620,768,0,155,155,150,680,308,0,0,0,0,12.742624125,874.4639256663,0,367.6,275.7,235.2,235.2,13.422230745,13.422230745,13.422230745,6.7960662,0,14.0168865375,13.93193571,13.25232909,25.48524825,14.27173902,12.9974766075,16.820263845,10.364000955,6.3713120625,15.5460014325,46,46,18,20.490139593,19.36878867,36.189052515,31.26190452,37.9730198925,19.538690325,22.936723425,22.936723425,17.839673775,0,0,93.2,93.6,13.6770832275,21.101785551,33.980331,14.27173902,15.29114895,16.9901655,16.9901655,19.538690325,19.878493635,21.4925593575,35.509445895,10.703804265,940,28.917261681,20.3881986,17.194047486,24.058074348,24.058074348,9.684394335,13.5921324,11.825155188,36.4439049975,25.4002974225,31.60170783,19.1139361875,10.1940993,25.48524825,28.7983305225,25.48524825,20.7110117445,27.1842648,0,27.5750386065,24.2109858375,19.6236411525,14.95134564,15.29114895,9.990217314,10.1940993,15.732893253,10.1940993,42.305512095,30.5822979,33.470626035,23.956133355,16.9901655,25.48524825,20.3881986,33.9973211655,12.742624125,12.742624125,8.4101319225,4.3324922025,8.664984405,4.07763972,24.635739975,48,19.878493635,18.179477085,13.37790426,33.980331,34.252173648,16.9901655,17.499870465,16.9901655,17.32996881,25.48524825,25.48524825,35.849249205,28.033773075,16.956185169,211,211,312,211,211,312,717,19.1139361875,25.48524825,1.69901655,21.237706875,0,0,18.1493567794,25.48524825,13.4670902884,17.6588336232,24.5168088165,24.5168088165,43.664725335,16.9901655,16.9901655,27.354166455,16.31055888,16.65036219,18.68918205,15,34.65993762,18.179477085,17.499870465,28.033773075,11.485351878,33.980331,17.941614768,17.941614768,17.32996881,16.65036219,11,11,11,11,11,11,11,11,11,11,11,11,17.635791789,18.0605459265,13.25232909,25.48524825,25.48524825,25.48524825,17.66977212,17.499870465,71.34882272,600,220,5,525,43,79.6,75,75,75,4,0,30,65,65,150,150,150,0,0,0,4.45930142,22.1721659775,20.3881986,15.461050605,16.9901655,16.9901655,24.80564163,25.994953215,5.09704965,6.020056917,4.45930142,66.8895213,44.5930142,53.51161704,45.484874484,22.2965071,6.8673241868,44.5930142,4.7268595052,4.4147084058,4.4147084058,254
20-Sep-2016 09:00:00,560,747.598708103799,763.2,0,0,253.2,285,0,78.45,0,0,142,0,0,0,0,0,0,0,0,0,0,0,0,0,0,0,0,0,0,0,0,0,0,0,0,0,13,169,169,273,552,659,653,577,610,0,0,0,0,0,68,68,68,68,68,67,0,0,0,0,0,0,0,0,0,0,0,0,0,0,24.8,0,0,0,75,107,138,0,54.4,0,0,0,0,0,0,0,0,0,0,0,0,0,0,0,0,0,0,0,8,8,8,8,8,8,8,36.6,0,0,0,0,0,0,0,0,516,253.2,1205,1195,560,565,565,635,563,551.766085349587,435,702,694,351,351,216.4,0,0,0,1280,1280,152,153,560,785,0,0,466,0,149,149,172,312,47,47,47,47,47,47,0,0,0,0,0,47,28.5,57.5,72,72,72,72,72,72,36,27,27,27,76,31,18,0,0,0,0,0,75,32,66,66,69,62,236,20,20,20,20,72,50,18,50,50,35,0,0,0,0,15,23.8,0,533,15,15,15,14,448,118,118,168,190,145,59,212,267,109,109,109,109,148.5,0,0,366,249,249,240,246,247,252,500,516,682,148,149,150,390,785,211.2,215,215,224,227,201.9,201.9,201.9,201.9,201.9,201.9,510,210,558,249,167,169,165,165,144,469,0,0,359,518,518,620,620,768,0,155,155,150,680,308,0,0,0,0,10.4904936,969,0,367.6,367.6,235.2,235.2,11.049986592,11.049986592,11.049986592,5.59492992,0,11.53954296,11.469606336,10.910113344,20.9809872,11.749352832,10.700303472,13.847451552,8.532268128,5.2452468,12.798402192,46,46,18,16.8687137088,15.945550272,29.793001824,25.736677632,31.261670928,16.08542352,18.88288848,18.88288848,14.68669104,0,0,233,234,11.259796464,17.3722574016,27.9746496,11.749352832,12.58859232,13.9873248,13.9873248,16.08542352,16.365170016,17.693965872,29.233508832,8.812014624,940,23.8064268096,16.78478976,14.1551726976,19.8060519168,19.8060519168,7.972775136,11.18985984,9.7351780608,30.002811696,20.911050576,26.016424128,15.7357404,8.39239488,20.9809872,23.708515536,20.9809872,17.0505489312,22.37971968,0,22.7014281504,19.93193784,16.155360144,12.308845824,12.58859232,8.2245469824,8.39239488,12.9522627648,8.39239488,34.828438752,25.17718464,27.555029856,19.722127968,13.9873248,20.9809872,16.78478976,27.9886369248,10.4904936,10.4904936,6.923725776,3.566767824,7.133535648,3.356957952,20.28162096,48,16.365170016,14.966437536,21.92078031,27.9746496,28.1984467968,13.9873248,14.406944544,13.9873248,14.267071296,20.9809872,20.9809872,29.513255328,23.07908592,13.9593501504,211,211,312,211,211,312,717,15.7357404,20.9809872,1.39873248,17.484156,0,0,29.7391919539,20.9809872,22.0669188454,28.9354300092,20.1837096864,20.1837096864,35.947424736,13.9873248,13.9873248,22.519592928,13.427831808,13.707578304,15.38605728,15,28.534142592,14.966437536,14.406944544,23.07908592,9.4554315648,27.9746496,14.7706149888,14.7706149888,14.267071296,13.707578304,18.7,18.7,18.7,18.7,18.7,18.7,18.7,18.7,18.7,18.7,18.7,18.7,14.5188431424,14.8685262624,10.910113344,20.9809872,20.9809872,20.9809872,14.546817792,14.406944544,116.91082832,600,220,5,525,43,79.6,75,75,75,4,0,30,65,65,150,150,150,0,0,0,7.30692677,18.253458864,16.78478976,12.728465568,13.9873248,13.9873248,20.421494208,21.400606944,4.19619744,9.8643511395,7.30692677,109.60390155,73.0692677,87.68312124,74.530653054,36.53463385,11.2526672258,73.0692677,7.7453423762,7.2338575023,7.2338575023,254
20-Sep-2016 10:00:00,620,807.598708103799,823.2,0,0,633,285,0,130.75,0,0,170.4,0,0,0,0,0,0,0,0,0,0,0,0,0,0,0,0,0,0,0,0,0,0,0,0,0,13,169,169,273,552,659,653,577,610,0,0,0,0,0,68,68,68,68,68,67,0,0,0,0,0,0,0,0,0,0,0,0,0,0,25,0,0,0,75,107,138,0,54.4,0,0,0,0,0,0,0,0,0,0,0,0,0,0,0,0,0,0,0,7,7,7,7,7,7,7,54.9,0,0,0,0,0,0,0,0,516,253.2,1205,1195,620,625,625,635,590,590,435,762,754,411,411,240.508267248397,0,0,0,1280,1280,152,153,560,785,0,0,466,0,149,149,172,312,47,47,47,47,47,47,0,0,0,0,0,47,28.5,57.5,72,72,72,72,72,72,36,27,27,27,76,31,18,0,0,0,0,0,75,32,66,66,69,62,165,20,20,20,20,72,50,18,50,50,35,0,0,0,0,15,23.8,0,533,15,15,15,14,448,118,118,168,190,145,59,212,267,109,109,109,109,198,0,0,366,249,249,240,246,247,252,500,516,682,148,149,150,390,785,281.6,215,215,224,227,201.9,201.9,201.9,201.9,201.9,201.9,510,210,558,249,167,169,165,165,144,469,0,0,359,518,518,620,620,768,0,155,155,150,680,770,0,0,0,0,7.42784025,870.6853232338,0,919,367.6,588,588,7.82399173,7.82399173,7.82399173,3.9615148,0,8.170624275,8.12110534,7.72495386,14.8556805,8.31918108,7.576397055,9.80474913,6.04131007,3.713920125,9.061965105,46,46,18,11.943967122,11.29031718,21.09506631,18.22296808,22.134963945,11.38935505,13.37011245,13.37011245,10.39897635,0,0,233,234,7.972548535,12.300503454,19.807574,8.31918108,8.9134083,9.903787,9.903787,11.38935505,11.58743079,12.528290555,20.69891483,6.23938581,940,16.856245474,11.8845444,10.022632444,14.023762392,14.023762392,5.64515859,7.9230296,6.893035752,21.243623115,14.806161565,18.42104382,11.141760375,5.9422722,14.8556805,16.786918965,14.8556805,12.072716353,15.8460592,0,16.073846301,14.112896475,11.438873985,8.71533256,8.9134083,5.823426756,5.9422722,9.170906762,5.9422722,24.66042963,17.8268166,19.51046039,13.96433967,9.903787,14.8556805,11.8845444,19.817477787,7.42784025,7.42784025,4.902374565,2.525465685,5.05093137,2.37690888,14.36049115,48,11.58743079,10.59705209,21.18702321,19.807574,19.966034592,9.903787,10.20090061,9.903787,10.10186274,14.8556805,14.8556805,20.89699057,16.34124855,9.883979426,211,211,312,211,211,312,717,11.141760375,14.8556805,0.9903787,12.37973375,0,0,28.7437281549,14.8556805,21.3282700314,27.9668706372,14.291164641,14.291164641,25.45273259,9.903787,9.903787,15.94509707,9.50763552,9.70571126,10.8941657,15,20.20372548,10.59705209,10.20090061,16.34124855,6.694960012,19.807574,10.458399072,10.458399072,10.10186274,9.70571126,15,15,15,15,15,15,15,15,15,15,15,15,10.280130906,10.527725581,7.72495386,14.8556805,14.8556805,14.8556805,10.29993848,10.20090061,112.99745712,600,220,5,525,43,79.6,75,75,75,4,0,30,65,65,150,150,150,0,0,0,7.06234107,12.924442035,11.8845444,9.01244617,9.903787,9.903787,14.45952902,15.15279411,2.9711361,9.5341604445,7.06234107,105.93511605,70.6234107,84.74809284,72.035878914,35.31170535,10.8760052478,70.6234107,7.4860815342,6.9917176593,6.9917176593,254
20-Sep-2016 11:00:00,650,831,858,0,0,633,285,0,156.9,0,0,227.2,0,0,0,0,0,0,0,0,0,0,0,0,0,0,0,0,0,0,0,0,0,0,0,0,0,13,169,169,273,552,659,653,577,610,0,0,0,0,0,68,68,68,68,68,67,0,0,0,0,0,0,0,0,0,0,0,0,0,0,24.8,0,0,0,75,107,138,0,54.4,0,0,0,0,0,0,0,0,0,0,0,0,0,0,0,0,0,0,0,7,7,7,7,7,7,7,73.2,0,0,0,0,0,0,0,0,516,633,1205,1195,680,685,685,635,590,590,435,822,814,420,420,300.508267248397,0,0,0,1280,1280,152,153,560,785,0,0,466,0,149,149,172,312,47,47,47,47,47,47,0,0,0,0,0,47,28.5,57.5,72,72,72,72,72,72,36,27,27,27,76,31,18,0,0,0,0,0,75,32,66,66,69,62,165,20,20,20,20,72,50,18,50,50,35,0,0,0,0,15,23.8,0,533,15,15,15,14,448,118,118,168,190,145,59,212,267,109,109,109,109,198,0,0,366,249,249,240,246,247,252,500,516,682,148,149,150,390,785,281.6,215,215,224,227,201.9,201.9,201.9,201.9,201.9,201.9,510,525,558,249,167,169,165,165,144,469,0,0,359,518,518,620,620,768,0,155,155,150,680,770,0,0,0,0,7.8832329,969,0,919,919,588,588,8.303671988,8.303671988,8.303671988,4.20439088,0,8.67155619,8.619001304,8.198562216,15.7664658,8.829220848,8.040897558,10.405867428,6.411696092,3.94161645,9.617544138,46,46,18,12.6762385032,11.982514008,22.388381436,19.340198048,23.492034042,12.08762378,14.18981922,14.18981922,11.03652606,0,0,233,234,8.461336646,13.0546336824,21.0219544,8.829220848,9.45987948,10.5109772,10.5109772,12.08762378,12.297843324,13.296386158,21.967942348,6.621915636,940,17.8896831944,12.61317264,10.6371089264,14.8835437152,14.8835437152,5.991257004,8.40878176,7.3156401312,22.546046094,15.713910914,19.550417592,11.82484935,6.30658632,15.7664658,17.816106354,15.7664658,12.8128812068,16.81756352,0,17.0593159956,14.97814251,12.140178666,9.249659936,9.45987948,6.1804545936,6.30658632,9.7331648872,6.30658632,26.172333228,18.91975896,20.706625084,14.820477852,10.5109772,15.7664658,12.61317264,21.0324653772,7.8832329,7.8832329,5.202933714,2.680299186,5.360598372,2.522634528,15.24091694,48,12.297843324,11.246745604,22.79246151,21.0219544,21.1901300352,10.5109772,10.826306516,10.5109772,10.721196744,15.7664658,15.7664658,22.178161892,17.34311238,10.4899552456,211,211,312,211,211,312,717,11.82484935,15.7664658,1.05109772,13.1387215,0,0,30.9217727819,15.7664658,22.9444112534,30.0860491932,15.1673400996,15.1673400996,27.013211404,10.5109772,10.5109772,16.922673292,10.090538112,10.300757656,11.56207492,15,21.442393488,11.246745604,10.826306516,17.34311238,7.1054205872,21.0219544,11.0995919232,11.0995919232,10.721196744,10.300757656,18.7,18.1826730022027,18.7,18.7,18.7,18.7,18.7,18.7,18.7,18.7,18.7,18.7,10.9103943336,11.1731687636,8.198562216,15.7664658,15.7664658,15.7664658,10.931416288,10.826306516,121.55979472,600,220,5,525,43,79.6,75,75,75,4,0,30,65,65,150,150,150,0,0,0,7.59748717,13.716825246,12.61317264,9.564989252,10.5109772,10.5109772,15.346026712,16.081795116,3.15329316,10.2566076795,7.59748717,113.96230755,75.9748717,91.16984604,77.494369134,37.98743585,11.7001302418,75.9748717,8.0533364002,7.5215122983,7.5215122983,254
20-Sep-2016 12:00:00,650,831,858,0,0,633,285,0,209.2,0,0,227.2,0,0,0,0,0,0,0,0,0,0,0,0,0,0,0,0,0,0,0,0,0,0,0,0,0,13,169,169,273,552,659,653,577,610,0,0,0,0,0,68,68,68,68,68,67,0,0,0,0,0,0,0,0,0,0,0,0,0,0,62,0,0,0,75,107,138,0,75,0,0,0,0,0,0,0,0,0,0,0,0,0,0,0,0,0,0,0,8,8,8,8,8,8,8,73.2,0,0,0,0,0,0,0,0,516,633,1205,1195,740,745,745,635,590,590,435,840,825,420,420,360.508267248397,0,0,0,1280,1280,152,153,560,785,0,0,466,0,149,149,172,312,47,47,47,47,47,47,0,0,0,0,0,47,28.5,57.5,72,72,72,72,72,72,36,27,27,27,76,31,18,0,0,0,0,0,75,32,66,66,69,62,236,20,20,20,20,72,50,18,50,50,35,0,0,0,0,15,23.8,0,533,15,15,15,14,448,118,118,168,190,145,59,212,267,109,109,109,109,495,0,0,366,249,249,240,246,247,252,500,516,682,148,149,150,390,785,704,215,215,224,227,201.9,201.9,201.9,201.9,201.9,201.9,510,525,558,249,167,169,165,165,144,469,0,0,359,518,518,620,620,768,0,155,155,150,680,770,0,0,0,0,10.36884735,859.373410551,0,919,919,588,588,10.921852542,10.921852542,10.921852542,5.53005192,0,11.405732085,11.336606436,10.783601244,20.7376947,11.613109032,10.576224297,13.686878502,8.433329178,5.184423675,12.649993767,46,46,18,16.6731065388,15.760647972,29.447526474,25.438238832,30.899165103,15.89889927,18.66392523,18.66392523,14.51638629,0,0,233,234,11.129229489,17.1708112116,27.6502596,11.613109032,12.44261682,13.8251298,13.8251298,15.89889927,16.175401866,17.488789197,28.894521282,8.709831774,940,23.5303709196,16.59015576,13.9910313576,19.5763837968,19.5763837968,7.880323986,11.06010384,9.6222903408,29.654903421,20.668569051,25.714741428,15.553271025,8.29507788,20.7376947,23.433595011,20.7376947,16.8528332262,22.12020768,0,22.4381856654,19.700809965,15.968024919,12.166114224,12.44261682,8.1291763224,8.29507788,12.8020701948,8.29507788,34.424573202,24.88523364,27.235505706,19.493433018,13.8251298,20.7376947,16.59015576,27.6640847298,10.36884735,10.36884735,6.843439251,3.525408099,7.050816198,3.318031152,20.04643821,48,16.175401866,14.792888886,25.47809094,27.6502596,27.8714616768,13.8251298,14.239883694,13.8251298,14.101632396,20.7376947,20.7376947,29.171023878,22.81146417,13.7974795404,211,211,312,211,211,312,717,15.553271025,20.7376947,1.38251298,17.28141225,0,0,34.5652767086,20.7376947,25.6479448796,33.6310800408,19.9496623014,19.9496623014,35.530583586,13.8251298,13.8251298,22.258458978,13.272124608,13.548627204,15.20764278,15,28.203264792,14.792888886,14.239883694,22.81146417,9.3457877448,27.6502596,14.5993370688,14.5993370688,14.101632396,13.548627204,18.7,18.7,18.7,18.7,18.7,18.7,18.7,18.7,18.7,18.7,18.7,18.7,14.3504847324,14.6961129774,10.783601244,20.7376947,20.7376947,20.7376947,14.378134992,14.239883694,135.88315168,600,220,5,525,43,79.6,75,75,75,4,0,30,65,65,150,150,150,0,0,0,8.49269698,18.041794389,16.59015576,12.580868118,13.8251298,13.8251298,20.184689508,21.152448594,4.14753894,11.465140923,8.49269698,127.3904547,84.9269698,101.91236376,86.625509196,42.4634849,13.0787533492,84.9269698,9.0022587988,8.4077700102,8.4077700102,254
20-Sep-2016 13:00:00,650,831,858,0,0,633,285,0,209.2,0,0,527.457640111986,0,0,0,0,0,0,0,0,0,0,0,0,0,0,0,0,0,0,0,0,0,0,0,0,0,13,169,169,273,552,659,653,577,610,0,0,0,0,0,68,68,68,68,68,67,0,0,0,0,0,0,0,0,0,0,0,0,0,0,62,0,0,0,75,107,138,0,136,0,0,0,0,0,0,0,0,0,0,0,0,0,0,0,0,0,0,0,8,8,8,8,8,8,8,183,0,0,0,0,0,0,0,0,516,633,1205,1195,800,805,805,635,590,590,435,840,825,420,420,391,0,0,0,1280,1280,152,153,560,785,0,0,466,0,149,149,172,312,47,47,47,47,47,47,0,0,0,0,0,47,28.5,57.5,72,72,72,72,72,72,36,27,27,27,76,31,18,0,0,0,0,0,75,32,66,66,69,62,236,20,20,20,20,72,50,18,50,50,35,0,0,0,0,15,23.8,0,533,15,15,15,14,448,118,118,168,190,145,59,212,267,109,109,109,109,495,0,0,366,249,249,240,246,247,252,500,516,682,148,149,150,390,785,704,215,215,224,227,201.9,201.9,201.9,201.9,201.9,201.9,510,525,558,249,167,169,165,165,144,469,0,0,359,518,518,620,620,768,0,155,155,150,680,770,0,0,0,0,11.869739625,869.6241360315,0,919,919,588,588,12.502792405,12.502792405,12.502792405,6.3305278,0,13.0567135875,12.97758199,12.34452921,23.73947925,13.29410838,12.1071344175,15.668056305,9.654054895,5.9348698125,14.4810823425,46,46,18,19.086541317,18.04200423,33.710060535,29.12042788,35.3718240825,18.200267425,21.365531325,21.365531325,16.617635475,0,0,233,234,12.7401871975,19.656288819,31.652639,13.29410838,14.24368755,15.8263195,15.8263195,18.200267425,18.516793815,20.0202941675,33.077007755,9.970581285,940,26.936395789,18.9915834,16.016235334,22.410068412,22.410068412,9.021002115,12.6610556,11.015118372,33.9474553275,23.6603476525,29.43695427,17.8046094375,9.4957917,23.73947925,26.8256115525,23.73947925,19.2922834705,25.3221112,0,25.6861165485,22.5525052875,18.2793990225,13.92716116,14.24368755,9.305875866,9.4957917,14.655171857,9.4957917,39.407535555,28.4873751,31.177849415,22.315110495,15.8263195,23.73947925,18.9915834,31.6684653195,11.869739625,11.869739625,7.8340281525,4.0357114725,8.071422945,3.79831668,22.948163275,48,18.516793815,16.934161865,21.41742165,31.652639,31.905860112,15.8263195,16.301109085,15.8263195,16.14284589,23.73947925,23.73947925,33.393534145,26.113427175,15.794666861,211,211,312,211,211,312,717,17.8046094375,23.73947925,1.58263195,19.782899375,0,0,29.0563020385,23.73947925,21.560204461,28.270996578,22.8373790385,22.8373790385,40.673641115,15.8263195,15.8263195,25.480374395,15.19326672,15.50979311,17.40895145,15,32.28569178,16.934161865,16.301109085,26.113427175,10.698591982,31.652639,16.712593392,16.712593392,16.14284589,15.50979311,18.7,18.7,18.7,18.7,18.7,18.7,18.7,18.7,18.7,18.7,18.7,18.7,16.427719641,16.8233776285,12.34452921,23.73947925,23.73947925,23.73947925,16.45937228,16.301109085,114.2262488,600,220,5,525,43,79.6,75,75,75,4,0,30,65,65,150,150,150,0,0,0,7.13914055,20.6533469475,18.9915834,14.401950745,15.8263195,15.8263195,23.10642647,24.214268835,4.74789585,9.6378397425,7.13914055,107.08710825,71.3914055,85.6696866,72.81923361,35.69570275,10.994276447,71.3914055,7.567488983,7.0677491445,7.0677491445,254
20-Sep-2016 14:00:00,650,831,858,0,0,633,285,0,487.496874148786,0,0,568,0,0,0,0,0,0,0,0,0,0,0,0,0,0,0,0,0,0,0,0,0,0,0,0,0,13,169,169,273,552,659,653,577,610,0,0,0,0,0,68,68,68,68,68,67,0,0,0,0,0,0,0,0,0,0,0,0,0,0,62,0,0,0,75,107,138,0,136,0,0,0,0,0,0,0,0,0,0,0,0,0,0,0,0,0,0,0,8,8,8,8,8,8,8,183,0,0,0,0,0,0,0,0,516,633,1205,1195,800,805,805,635,590,590,435,840,825,420,420,391,0,0,0,1280,1280,152,153,560,785,0,0,466,0,149,149,172,312,47,47,47,47,47,47,0,0,0,0,0,47,28.5,57.5,72,72,72,72,72,72,36,27,27,27,76,31,18,0,0,0,0,0,75,32,66,66,69,62,236,20,20,20,20,72,50,18,50,50,35,0,0,0,0,15,23.8,0,533,15,15,15,14,448,118,118,168,190,145,59,212,267,109,109,109,109,495,0,0,366,249,249,240,246,247,252,500,516,682,148,149,150,390,785,704,215,215,224,227,201.9,201.9,201.9,201.9,201.9,201.9,510,525,558,249,167,169,165,165,144,469,0,0,359,518,518,620,620,768,0,155,155,150,680,770,0,0,0,0,12.559549875,847.330704169699,0,919,919,588,588,13.229392535,13.229392535,13.229392535,6.6984266,0,13.8155048625,13.73177453,13.06193187,25.11909975,14.06669586,12.8107408725,16.578605835,10.215100565,6.2797749375,15.3226508475,46,46,18,20.195756199,19.09051581,35.669121645,30.81276236,37.4274586275,19.257976475,22.607189775,22.607189775,17.583369825,0,0,233,234,13.4805835325,20.798614593,33.492133,14.06669586,15.07145985,16.7460665,16.7460665,19.257976475,19.592897805,21.1837741225,34.999278985,10.550021895,940,28.501805183,20.0952798,16.947019298,23.712430164,23.712430164,9.545257905,13.3968532,11.655262284,35.9203126425,25.0353694175,31.14768369,18.8393248125,10.0476399,25.11909975,28.3845827175,25.11909975,20.4134550635,26.7937064,0,27.1788659295,23.8631447625,19.3417068075,14.73653852,15.07145985,9.846687102,10.0476399,15.506857579,10.0476399,41.697705585,30.1429197,32.989751005,23.611953765,16.7460665,25.11909975,20.0952798,33.5088790665,12.559549875,12.559549875,8.2893029175,4.2702469575,8.540493915,4.01905596,24.281796425,48,19.592897805,17.918291155,18.77532459,33.492133,33.760070064,16.7460665,17.248448495,16.7460665,17.08098783,25.11909975,25.11909975,35.334200315,27.631009725,16.712574367,211,211,312,211,211,312,717,18.8393248125,25.11909975,1.67460665,20.932583125,0,0,25.4718570271,25.11909975,18.9004934206,24.7834284588,24.1645739595,24.1645739595,43.037390905,16.7460665,16.7460665,26.961167065,16.07622384,16.41114517,18.42067315,15,34.16197566,17.918291155,17.248448495,27.631009725,11.320340954,33.492133,17.683846224,17.683846224,17.08098783,16.41114517,18.7,18.7,18.7,18.7,18.7,18.7,18.7,18.7,18.7,18.7,18.7,18.7,17.382417027,17.8010686895,13.06193187,25.11909975,25.11909975,25.11909975,17.41590916,17.248448495,100.13506448,600,220,5,525,43,79.6,75,75,75,4,0,30,65,65,150,150,150,0,0,0,6.25844153,21.8536167825,20.0952798,15.238920515,16.7460665,16.7460665,24.44925709,25.621481745,5.02381995,8.4488960655,6.25844153,93.87662295,62.5844153,75.10129836,63.836103606,31.29220765,9.6379999562,62.5844153,6.6339480218,6.1958571147,6.1958571147,254
20-Sep-2016 15:00:00,650,831,858,0,0,633,285,0,209.2,0,0,227.2,0,0,0,0,0,0,0,0,0,0,0,0,0,0,0,0,0,0,0,0,0,0,0,0,0,13,169,169,273,552,659,653,577,610,0,0,0,0,0,68,68,68,68,68,67,0,0,0,0,0,0,0,0,0,0,0,0,0,0,62,0,0,0,75,107,138,0,54.4,0,0,0,0,0,0,0,0,0,0,0,0,0,0,0,0,0,0,0,8,8,8,8,8,8,8,73.2,0,0,0,0,0,0,0,0,516,633,1205,1195,800,802,802,635,590,590,435,840,825,420,420,342.245144759198,0,0,0,1280,1280,152,153,560,785,0,0,466,0,149,149,172,312,47,47,47,47,47,47,0,0,0,0,0,47,28.5,57.5,72,72,72,72,72,72,36,27,27,27,76,31,18,0,0,0,0,0,75,32,66,66,69,62,236,20,20,20,20,72,50,18,50,50,35,0,0,0,0,15,23.8,0,533,15,15,15,14,448,118,118,168,190,145,59,212,267,109,109,109,109,473.945766007299,0,0,366,249,249,240,246,247,252,500,516,682,148,149,150,390,785,704,215,215,224,227,201.9,201.9,201.9,201.9,201.9,201.9,510,525,558,249,167,169,165,165,144,469,0,0,359,518,518,620,620,768,0,155,155,150,680,770,0,0,0,0,12.917689875,775,0,919,919,588,588,13.606633335,13.606633335,13.606633335,6.8894346,0,14.2094588625,14.12334093,13.43439747,25.83537975,14.46781266,13.1760436725,17.051350635,10.506387765,6.4588449375,15.7595816475,46,46,18,20.771645319,19.63488861,36.686239245,31.69139916,38.4947158275,19.807124475,23.251841775,23.251841775,18.084765825,0,0,233,234,13.8649871325,21.391694433,34.447173,14.46781266,15.50122785,17.2235865,17.2235865,19.807124475,20.151596205,21.7878369225,35.997295785,10.850859495,940,29.314544223,20.6683038,17.430269538,24.388598484,24.388598484,9.817444305,13.7788692,11.987616204,36.9445930425,25.7492618175,32.03587089,19.3765348125,10.3341519,25.83537975,29.1939791175,25.83537975,20.9955519435,27.5577384,0,27.9538808895,24.5436107625,19.8932424075,15.15675612,15.50122785,10.127468862,10.3341519,15.949041099,10.3341519,42.886730385,31.0024557,33.930465405,24.285256965,17.2235865,25.83537975,20.6683038,34.4643965865,12.917689875,12.917689875,8.5256753175,4.3920145575,8.784029115,4.13366076,24.974200425,48,20.151596205,18.429237555,16.68965091,34.447173,34.722750384,17.2235865,17.740294095,17.2235865,17.56805823,25.83537975,25.83537975,36.341767515,28.418917725,17.189139327,211,211,312,211,211,312,717,19.3765348125,25.83537975,1.72235865,21.529483125,0,0,22.6422930679,25.83537975,16.8009152494,22.0303392012,24.8536353195,24.8536353195,44.264617305,17.2235865,17.2235865,27.729974265,16.53464304,16.87911477,18.94594515,15,35.13611646,18.429237555,17.740294095,28.418917725,11.643144474,34.447173,18.188107344,18.188107344,17.56805823,16.87911477,18.7,18.7,18.7,18.7,18.7,18.7,18.7,18.7,18.7,18.7,18.7,18.7,17.878082787,18.3086724495,13.43439747,25.83537975,25.83537975,25.83537975,17.91252996,17.740294095,89.01147152,600,220,5,525,43,79.6,75,75,75,4,0,30,65,65,150,150,150,0,0,0,5.56321697,22.4767803825,20.6683038,15.673463715,17.2235865,17.2235865,25.14643629,26.352087345,5.16707595,7.5103429095,5.56321697,83.44825455,55.6321697,66.75860364,56.744813094,27.81608485,8.5673541338,55.6321697,5.8970099882,5.5075848003,5.5075848003,254
20-Sep-2016 16:00:00,650,831,858,0,0,633,285,0,156.9,0,0,170.4,0,0,0,0,0,0,0,0,0,0,0,0,0,0,0,0,0,0,0,0,0,0,0,0,0,13,169,169,273,552,659,653,577,610,0,0,0,0,0,68,68,68,68,68,67,0,0,0,0,0,0,0,0,0,0,0,0,0,0,24.8,0,0,0,75,107,138,0,40.8,0,0,0,0,0,0,0,0,0,0,0,0,0,0,0,0,0,0,0,3.36,3.36,3.36,3.36,3.36,3.36,3.36,54.9,0,0,0,0,0,0,0,0,516,633,1205,1195,740,742,742,635,590,590,435,840,825,420,420,297.531058413412,0,0,0,1280,1280,152,153,560,785,0,0,466,0,149,149,172,312,18.92,18.92,18.92,18.92,18.92,18.92,0,0,0,0,0,47,28.5,57.5,72,72,72,72,72,72,36,27,27,27,76,31,18,0,0,0,0,0,75,32,66,66,69,62,94.4,20,20,20,20,72,50,18,50,50,35,0,0,0,0,15,23.8,0,533,15,15,15,14,448,118,118,168,190,145,59,212,106.8,109,109,109,109,198,0,0,366,249,249,240,246,247,252,500,516,682,148,149,150,390,785,281.6,215,215,224,227,201.9,201.9,201.9,201.9,201.9,201.9,510,525,558,249,167,169,165,165,144,469,0,0,359,518,518,620,620,768,0,155,155,150,680,770,0,0,0,0,14.10089265,886.4810857912,0,919,919,588,588,14.852940258,14.852940258,14.852940258,7.52047608,0,15.510981915,15.416975964,14.664928356,28.2017853,15.792999768,14.382910503,18.613178298,11.468726022,7.050446325,17.203089033,46,46,18,22.6742353812,21.433356828,40.046535126,34.594189968,42.020660097,21.62136873,25.38160677,25.38160677,19.74124971,0,0,93.2,93.6,15.134958111,23.3510782284,37.6023804,15.792999768,16.92107118,18.8011902,18.8011902,21.62136873,21.997392534,23.783505603,39.294487518,11.844749826,940,31.9996257204,22.56142824,19.0268044824,26.6224853232,26.6224853232,10.716678414,15.04095216,13.0856283792,40.328552979,28.107779349,34.970213772,21.151338975,11.28071412,28.2017853,31.868017389,28.2017853,22.9186508538,30.08190432,0,30.5143316946,26.791696035,21.715374681,16.545047376,16.92107118,11.0550998376,11.28071412,17.4099021252,11.28071412,46.814963598,33.84214236,37.038344694,26.509678182,18.8011902,28.2017853,22.56142824,37.6211815902,14.10089265,14.10089265,9.306589149,4.794303501,9.588607002,4.512285648,27.26172579,48,21.997392534,20.117273514,11.0743002,37.6023804,37.9031994432,18.8011902,19.365225906,18.8011902,19.177214004,28.2017853,28.2017853,39.670511322,31.02196383,18.7635878196,211,211,312,211,211,312,717,21.151338975,28.2017853,1.88011902,23.50148775,0,0,15.024133938,28.2017853,11.148128868,14.618076264,27.1301174586,27.1301174586,48.319058814,18.8011902,18.8011902,30.269916222,18.049142592,18.425166396,20.68130922,15,38.354428008,20.117273514,19.365225906,31.02196383,12.7096045752,37.6023804,19.8540568512,19.8540568512,19.177214004,18.425166396,7.48,7.48,7.48,7.48,7.48,7.48,7.48,7.48,7.48,7.48,7.48,7.48,19.5156354276,19.9856651826,14.664928356,28.2017853,28.2017853,28.2017853,19.553237808,19.365225906,59.0629344,600,220,5,525,43,79.6,75,75,75,4,0,30,65,65,150,150,150,0,0,0,3.6914334,24.535553211,22.56142824,17.109083082,18.8011902,18.8011902,27.449737692,28.765821006,5.64035706,4.98343509,3.6914334,55.371501,36.914334,44.2972008,37.65262068,18.457167,5.684807436,36.914334,3.912919404,3.654519066,3.654519066,254
20-Sep-2016 17:00:00,650,831,858,0,0,633,114,0,78.45,0,0,85.2,0,0,0,0,0,0,0,0,0,0,0,0,0,0,0,0,0,0,0,0,0,0,0,0,0,13,169,169,273,552,659,653,577,610,0,0,0,0,0,68,68,68,68,68,67,0,0,0,0,0,0,0,0,0,0,0,0,0,0,18.6,0,0,0,75,107,138,0,20.4,0,0,0,0,0,0,0,0,0,0,0,0,0,0,0,0,0,0,0,2.52,2.52,2.52,2.52,2.52,2.52,2.52,0,0,0,0,0,0,0,0,0,516,633,1205,1195,680,682,682,635,590,590,435,840,825,420,420,265.315385451199,0,0,0,1280,1280,152,153,560,785,0,0,466,0,149,149,172,124.8,14.19,14.19,14.19,14.19,14.19,14.19,0,0,0,0,0,47,28.5,57.5,72,72,72,72,72,72,36,27,27,27,76,31,18,0,0,0,0,0,75,32,66,66,69,62,70.8,20,20,20,20,72,50,18,50,50,35,0,0,0,0,15,23.8,0,533,15,15,15,14,448,118,118,168,190,145,59,212,80.1,109,109,109,109,148.5,0,0,366,249,249,240,246,247,252,500,516,682,148,149,150,390,785,211.2,215,215,224,227,201.9,201.9,201.9,201.9,201.9,201.9,510,210,558,249,167,169,165,165,144,469,0,0,359,518,518,620,620,768,0,155,155,150,680,770,0,0,0,0,15.15775545,798.854300786599,0,919,919,588,588,15.966169074,15.966169074,15.966169074,8.08413624,0,16.673530995,16.572479292,15.764065668,30.3155109,16.976686104,15.460910559,20.008237194,12.328307766,7.578877725,18.492461649,46,46,18,24.3736707636,23.039788284,43.048025478,37.187026704,45.170111241,23.24189169,27.28395981,27.28395981,21.22085763,0,0,69.9,70.2,16.269324183,25.1012430252,40.4206812,16.976686104,18.18930654,20.2103406,20.2103406,23.24189169,23.646098502,25.566080859,42.239611854,12.732514578,940,34.3979997012,24.25240872,20.4528646872,28.6178422896,28.6178422896,11.519894142,16.16827248,14.0663970576,43.351180587,30.214459197,37.591233516,22.736633175,12.12620436,30.3155109,34.256527317,30.3155109,24.6364051914,32.33654496,0,32.8013827938,28.799735355,23.342943393,17.785099728,18.18930654,11.8836802728,12.12620436,18.7147753956,12.12620436,50.323748094,36.37861308,39.814370982,28.496580246,20.2103406,30.3155109,24.25240872,40.4408915406,15.15775545,15.15775545,10.004118597,5.153636853,10.307273706,4.850481744,29.30499387,48,23.646098502,21.625064442,6.645771,40.4206812,40.7440466496,20.2103406,20.816650818,20.2103406,20.614547412,30.3155109,30.3155109,42.643818666,33.34706199,20.1699199188,211,211,312,211,211,312,717,22.736633175,30.3155109,2.02103406,25.26292575,0,0,9.01609599,30.3155109,6.69007614,8.77241772,29.1635214858,29.1635214858,51.940575342,20.2103406,20.2103406,32.538648366,19.401926976,19.806133788,22.23137466,15,41.229094824,21.625064442,20.816650818,33.34706199,13.6621902456,40.4206812,21.3421196736,21.3421196736,20.614547412,19.806133788,5.61,5.61,5.61,5.61,5.61,5.61,5.61,5.61,5.61,5.61,5.61,5.61,20.9783335428,21.4835920578,15.764065668,30.3155109,30.3155109,30.3155109,21.018754224,20.816650818,35.444112,600,220,5,525,43,79.6,75,75,75,4,0,30,65,65,150,150,150,0,0,0,2.215257,26.374494483,24.25240872,18.391409946,20.2103406,20.2103406,29.507097276,30.921821118,6.06310218,2.99059695,2.215257,33.228855,22.15257,26.583084,22.5956214,11.076285,3.41149578,22.15257,2.34817242,2.19310443,2.19310443,254
20-Sep-2016 18:00:00,650,831,858,0,0,633,85.5,0,0,0,0,0,0,0,0,0,0,0,0,0,0,0,0,0,0,0,0,0,0,0,0,0,0,0,0,0,0,13,169,169,273,552,659,653,577,610,0,0,0,0,0,68,68,68,68,68,67,0,0,0,0,0,0,0,0,0,0,0,0,0,0,0,0,0,0,75,107,138,0,0,0,0,0,0,0,0,0,0,0,0,0,0,0,0,0,0,0,0,0,0,0,0,0,0,0,0,0,0,0,0,0,0,0,0,0,516,633,1205,1195,620,622,622,635,590,590,435,840,808.134221950602,408,408,205.315385451199,0,0,0,1280,1280,152,153,560,785,0,0,466,0,149,149,172,93.6,0,0,0,0,0,0,0,0,0,0,0,47,28.5,57.5,72,72,72,72,72,72,36,27,27,27,76,31,18,0,0,0,0,0,75,32,66,66,69,62,0,20,20,20,20,72,20,18,20,20,35,0,0,0,0,15,23.8,0,533,15,15,15,14,448,118,118,168,190,145,59,212,0,109,109,109,109,0,0,0,366,249,249,240,246,247,252,500,516,682,148,149,150,390,785,0,215,215,224,227,201.9,201.9,201.9,201.9,201.9,201.9,510,157.5,558,249,167,169,165,165,144,469,0,0,359,518,518,620,620,768,0,155,155,150,680,768.015457809399,0,0,0,0,20.2933833,775,0,919,919,588,588,21.375697076,21.375697076,21.375697076,10.82313776,0,22.32272163,22.187432408,21.105118632,40.5867666,22.728589296,20.699250966,26.787265956,16.505285084,10.14669165,24.757927626,46,46,18,32.6317603464,30.845942616,57.633208572,49.786433696,60.474282234,31.11652106,36.52808994,36.52808994,28.41073662,0,0,0,0,21.781564742,33.6058427448,54.1156888,22.728589296,24.35205996,27.0578444,27.0578444,31.11652106,31.657677948,34.228173166,56.550894796,17.046441972,940,46.0524511688,32.46941328,27.3825385328,38.3139076704,38.3139076704,15.422971308,21.64627552,18.8322597024,58.039076238,40.451477378,50.327590584,30.44007495,16.23470664,40.5867666,45.863046258,40.5867666,32.9835123236,43.29255104,0,43.9148814612,38.55742827,31.251810282,23.810903072,24.35205996,15.9100125072,16.23470664,25.0555639144,16.23470664,67.374032556,48.70411992,53.303953468,38.151560604,27.0578444,40.5867666,32.46941328,54.1427466444,20.2933833,20.2933833,13.393632978,6.899750322,13.799500644,6.493882656,39.23387438,48,31.657677948,28.951893508,0,54.1156888,54.5486143104,27.0578444,27.869579732,27.0578444,27.599001288,40.5867666,40.5867666,57.092051684,44.64544326,27.0037287112,211,211,312,211,211,312,717,30.44007495,40.5867666,2.70578444,33.8223055,0,0,0,40.5867666,0,0,39.0444694692,39.0444694692,69.538660108,27.0578444,27.0578444,43.563129484,25.975530624,26.516687512,29.76362884,15,55.198002576,28.951893508,27.869579732,44.64544326,18.2911028144,54.1156888,28.5730836864,28.5730836864,27.599001288,26.516687512,0,0,0,0,0,0,0,0,0,0,0,0,28.0860424872,28.7624885972,21.105118632,40.5867666,40.5867666,40.5867666,28.140158176,27.869579732,0,600,220,5,525,43,79.6,75,75,75,4,0,30,65,65,150,150,150,0,0,0,0,35.310486942,32.46941328,24.622638404,27.0578444,27.0578444,39.504452824,41.398501932,8.11735332,0,0,0,0,0,0,0,0,0,0,0,0,254
20-Sep-2016 19:00:00,590,803,799.426860771593,0,0,253.2,0,0,0,0,0,0,0,0,0,0,0,0,0,0,0,0,0,0,0,0,0,0,0,0,0,0,0,0,0,0,0,5.2,169,169,273,550.456386832391,659,653,577,610,0,0,0,0,0,27.2,27.2,27.2,27.2,27.2,26.8,0,0,0,0,0,0,0,0,0,0,0,0,0,0,0,0,0,0,75,107,138,0,0,0,0,0,0,0,0,0,0,0,0,0,0,0,0,0,0,0,0,0,0,0,0,0,0,0,0,0,0,0,0,0,0,0,0,0,516,253.2,1205,1195,560,562,562,635,565,565,435,780,748.134221950602,348,348,156.4,0,0,0,1280,1280,92,114.579417966598,560,785,0,0,466,0,149,149,172,0,0,0,0,0,0,0,0,0,0,0,0,47,28.5,57.5,72,72,72,72,72,72,36,27,27,27,76,31,18,0,0,0,0,0,75,32,66,66,69,62,0,8,8,8,8,72,15,7.2,15,15,35,0,0,0,0,15,23.8,0,533,15,15,15,14,448,118,118,168,190,145,59,212,0,109,109,109,109,0,0,0,366,249,249,240,246,247,252,500,516,682,148,149,150,390,785,0,215,215,224,227,201.9,201.9,201.9,201.9,201.9,201.9,510,0,558,249,167,169,165,165,144,469,0,0,359,518,518,620,620,768,0,155,155,150,680,308,0,0,0,0,27.71138805,893.5083457794,0,919,919,235.2,235.2,29.189328746,29.189328746,29.189328746,14.77940696,0,30.482526855,30.297784268,28.819843572,55.4227761,31.036754616,28.265615811,36.579032226,22.538595614,13.855694025,33.807893421,46,46,18,44.5599119844,42.121309836,78.700342062,67.985272016,82.579936389,42.49079501,49.88049849,49.88049849,38.79594327,0,0,0,0,29.743556507,45.8900586108,73.8970348,31.036754616,33.25366566,36.9485174,36.9485174,42.49079501,43.229765358,46.739874511,77.222401366,23.277565962,940,62.8863766148,44.33822088,37.3918996088,52.3191006384,52.3191006384,21.060654918,29.55881392,25.7161681104,79.254569823,55.238033513,68.724242364,41.567082075,22.16911044,55.4227761,62.627736993,55.4227761,45.0402427106,59.11762784,0,59.9674437402,52.651637295,42.675537597,32.514695312,33.25366566,21.7257282312,22.16911044,34.2143271124,22.16911044,92.001808326,66.50733132,72.788579278,52.097409534,36.9485174,55.4227761,44.33822088,73.9339833174,27.71138805,27.71138805,18.289516113,9.421871937,18.843743874,8.867644176,53.57535023,48,43.229765358,39.534913618,0,73.8970348,74.4882110784,36.9485174,38.056972922,36.9485174,37.687487748,55.4227761,55.4227761,77.961371714,60.96505371,36.8746203652,211,211,312,211,211,312,717,41.567082075,55.4227761,3.69485174,46.18564675,0,0,0,55.4227761,0,0,53.3167106082,53.3167106082,94.957689718,36.9485174,36.9485174,59.487113014,35.470576704,36.209547052,40.64336914,15,75.374975496,39.534913618,38.056972922,60.96505371,24.9771977624,73.8970348,39.0176343744,39.0176343744,37.687487748,36.209547052,0,0,0,0,0,0,0,0,0,0,0,0,38.3525610612,39.2762739962,28.819843572,55.4227761,55.4227761,55.4227761,38.426458096,38.056972922,0,600,220,5,525,43,79.6,75,75,75,4,0,30,65,26,150,60,150,0,0,0,0,48.217815207,44.33822088,33.623150834,36.9485174,36.9485174,53.944835404,56.531231622,11.08455522,0,0,0,0,0,0,0,0,0,0,0,0,254
20-Sep-2016 20:00:00,530,743,739.426860771593,0,0,189.9,0,0,0,0,0,0,0,0,0,0,0,0,0,0,0,0,0,0,0,0,0,0,0,0,0,0,0,0,0,0,0,3.9,68,68,109.2,221,599,593,517,550,0,0,0,0,0,20.4,20.4,20.4,20.4,20.4,20.1,0,0,0,0,0,0,0,0,0,0,0,0,0,0,0,0,0,0,75,107,138,0,0,0,0,0,0,0,0,0,0,0,0,0,0,0,0,0,0,0,0,0,0,0,0,0,0,0,0,0,0,0,0,0,0,0,0,0,516,189.9,1205,1195,500,502,502,635,505,505,375,720,688.134221950602,288,288,156.4,0,0,0,1280,1280,78.9333934048127,61.2,560,785,0,0,466,0,149,149,172,0,0,0,0,0,0,0,0,0,0,0,0,47,28.5,57.5,72,72,72,72,72,72,36,27,27,27,76,31,18,0,0,0,0,0,75,32,66,66,69,62,0,6,6,6,6,28.8,0,5.4,0,0,35,0,0,0,0,15,23.8,0,533,15,15,15,14,179.2,118,118,168,190,145,59,84.8,0,109,109,109,109,0,0,0,366,249,249,240,246,247,252,500,516,682,148,149,150,390,785,0,215,215,224,227,201.9,201.9,201.9,201.9,201.9,201.9,510,0,558,249,167,169,165,165,144,469,0,0,143.6,518,518,248,248,768,0,155,155,150,680,231,0,0,0,0,33.412741125,787.5939920565,0,367.6,367.6,176.4,176.4,35.194753985,35.194753985,35.194753985,17.8201286,0,36.7540152375,36.53126363,34.74925077,66.82548225,37.42227006,34.0809959475,44.104818285,27.175696115,16.7063705625,40.7635441725,18.4,18.4,7.2,53.727687729,50.78736651,94.892184795,81.97259156,99.5699685525,51.232869725,60.142934025,60.142934025,46.777837575,0,0,0,0,35.8630088075,55.331499303,89.100643,37.42227006,40.09528935,44.5503215,44.5503215,51.232869725,52.123876155,56.3561566975,93.110171935,28.066702545,940,75.824647193,53.4603858,45.084925358,63.083255244,63.083255244,25.393683255,35.6402572,31.007023764,95.5604396175,66.6027306425,82.86359799,50.1191116875,26.7301929,66.82548225,75.5127949425,66.82548225,54.3068419085,71.2805144,0,72.3051717945,63.4842081375,51.4556213325,39.20428292,40.09528935,26.195589042,26.7301929,41.253597709,26.7301929,110.930300535,80.1905787,87.764133355,62.815953315,44.5503215,66.82548225,53.4603858,89.1451933215,33.412741125,33.412741125,22.0524091425,11.3603319825,22.720663965,10.69207716,64.597966175,48,52.123876155,47.668844005,0,89.100643,89.813448144,44.5503215,45.886831145,44.5503215,45.44132793,66.82548225,66.82548225,94.001178365,73.508030475,44.461220857,211,211,312,211,211,312,717,50.1191116875,66.82548225,4.45503215,55.687901875,0,0,0,66.82548225,0,0,64.2861139245,64.2861139245,114.494326255,44.5503215,44.5503215,71.726017615,42.76830864,43.65931507,49.00535365,15,90.88265586,47.668844005,45.886831145,73.508030475,30.116017334,89.100643,47.045139504,47.045139504,45.44132793,43.65931507,0,0,0,0,0,0,0,0,0,0,0,0,46.243233717,47.3569917545,34.74925077,66.82548225,66.82548225,66.82548225,46.33233436,45.886831145,0,600,220,5,210,17.2,31.84,30,30,30,1.6,0,12,26,19.5,60,45,60,0,0,0,0,58.1381695575,53.4603858,40.540792565,44.5503215,44.5503215,65.04346939,68.161991895,13.36509645,0,0,0,0,0,0,0,0,0,0,0,0,254
20-Sep-2016 21:00:00,470,683,679.426860771593,0,0,0,0,0,0,0,0,0,0,0,0,0,0,0,0,0,0,0,0,0,0,0,0,0,0,0,0,0,0,0,0,0,0,0,68,68,109.2,221,539,533,457,490,0,0,0,0,0,0,0,0,0,0,0,0,0,0,0,0,0,0,0,0,0,0,0,0,0,0,0,0,0,75,107,138,0,0,0,0,0,0,0,0,0,0,0,0,0,0,0,0,0,0,0,0,0,0,0,0,0,0,0,0,0,0,0,0,0,0,0,0,0,516,0,1205,1195,440,442,442,575,445,445,315,660,628.134221950602,228,228,156.4,0,0,0,1280,1280,61,61.2,500,725,0,0,186.4,0,149,149,172,0,0,0,0,0,0,0,0,0,0,0,0,47,28.5,57.5,72,72,72,72,72,72,36,27,27,27,76,31,18,0,0,0,0,0,75,32,66,66,69,62,0,0,0,0,0,21.6,0,0,0,0,35,0,0,0,0,15,23.8,0,533,15,15,15,14,134.4,118,118,168,190,145,59,63.6,0,109,109,109,109,0,0,0,366,249,249,240,246,247,252,500,206.4,272.8,148,149,150,390,785,0,215,215,224,227,201.9,201.9,201.9,201.9,201.9,201.9,204,0,558,249,167,169,165,165,144,469,0,0,107.7,207.2,207.2,186,186,768,0,155,155,150,272,0,0,0,0,0,37.91560305,632.551708358399,0,275.7,275.7,0,0,39.937768546,39.937768546,39.937768546,20.22165496,0,41.707163355,41.454392668,39.432227172,75.8312061,42.465475416,38.673915111,50.048596026,30.838023814,18.957801525,46.257035721,13.8,13.8,5.4,60.9682897044,57.631716636,107.680312662,93.019612816,112.988497089,58.13725801,68.24808549,68.24808549,53.08184427,0,0,0,0,40.696080607,62.7882386508,101.1082748,42.465475416,45.49872366,50.5541374,50.5541374,58.13725801,59.148340758,63.950983811,105.658147166,31.849106562,940,86.0431418548,60.66496488,51.1607870488,71.5846585584,71.5846585584,28.815858318,40.44330992,35.1856796304,108.438624723,75.578435413,94.030695564,56.873404575,30.33248244,75.8312061,85.689262893,75.8312061,61.6254934906,80.88661984,0,82.0493650002,72.039645795,58.390028697,44.487640912,45.49872366,29.7258327912,30.33248244,46.8131312324,30.33248244,125.879802126,90.99744732,99.591650678,71.281333734,50.5541374,75.8312061,60.66496488,101.1588289374,37.91560305,37.91560305,25.024298013,12.891305037,25.782610074,12.132992976,73.30349923,48,59.148340758,54.092927018,0,101.1082748,101.9171409984,50.5541374,52.070761522,50.5541374,51.565220148,75.8312061,75.8312061,106.669229914,83.41432671,50.4530291252,211,211,312,211,211,312,717,56.873404575,75.8312061,5.05541374,63.19267175,0,0,0,75.8312061,0,0,72.9496202682,72.9496202682,129.924133118,50.5541374,50.5541374,81.392161214,48.531971904,49.543054652,55.60955114,15,103.130440296,54.092927018,52.070761522,83.41432671,34.1745968824,101.1082748,53.3851690944,53.3851690944,51.565220148,49.543054652,0,0,0,0,0,0,0,0,0,0,0,0,52.4751946212,53.7390480562,39.432227172,75.8312061,75.8312061,75.8312061,52.576302896,52.070761522,0,600,220,5,157.5,12.9,23.88,22.5,22.5,22.5,1.2,0,9,19.5,0,45,0,45,0,0,0,0,65.973149307,60.66496488,46.004265034,50.5541374,50.5541374,73.809040604,77.347830222,15.16624122,0,0,0,0,0,0,0,0,0,0,0,0,254
20-Sep-2016 22:00:00,410,623,619.426860771593,0,0,0,0,0,0,0,0,0,0,0,0,0,0,0,0,0,0,0,0,0,0,0,0,0,0,0,0,0,0,0,0,0,0,0,68,68,109.2,221,479,473,397,430,0,0,0,0,0,0,0,0,0,0,0,0,0,0,0,0,0,0,0,0,0,0,0,0,0,0,0,0,0,75,107,138,0,0,0,0,0,0,0,0,0,0,0,0,0,0,0,0,0,0,0,0,0,0,0,0,0,0,0,0,0,0,0,0,0,0,0,0,0,516,0,1205,1195,380,382,382,515,385,385,255,600,568.134221950602,168,168,156.4,0,0,0,1280,1280,61,61.2,440,665,0,0,139.8,0,149,149,172,0,0,0,0,0,0,0,0,0,0,0,0,47,28.5,57.5,72,72,72,72,72,72,36,27,27,27,76,31,18,0,0,0,0,0,75,32,66,66,69,62,0,0,0,0,0,0,0,0,0,0,35,0,0,0,0,15,23.8,0,533,15,15,15,14,0,118,118,168,190,145,59,0,0,109,109,109,109,0,0,0,366,249,249,240,246,247,246.026240575614,350,154.8,204.6,148,149,150,390,785,0,215,215,224,227,201.9,201.9,201.9,201.9,201.9,201.9,153,0,558,249,167,169,165,165,144,469,0,0,0,155.4,155.4,0,0,768,0,155,155,150,204,0,0,0,0,0,40.789458075,415.0292572451,0,0,0,0,0,42.964895839,42.964895839,42.964895839,21.75437764,0,44.8684038825,44.596474162,42.421036398,81.57891615,45.684193044,41.6052472365,53.842084659,33.175425901,20.3947290375,49.7631388515,0,0,0,65.5894485846,61.999976274,115.842060933,100.070137144,121.5525850635,62.543835715,73.421024535,73.421024535,57.105241305,0,0,0,0,43.7806850005,67.5473425722,108.7718882,45.684193044,48.94734969,54.3859441,54.3859441,62.543835715,63.631554597,68.7982192865,113.666623169,34.263144783,940,92.5648768582,65.26313292,55.0385754292,77.0104968456,77.0104968456,30.999988137,43.50875528,37.8526170936,116.6578500945,81.3069864295,101.157856026,61.1841871125,32.63156646,81.57891615,92.1841752495,81.57891615,66.2964658579,87.01751056,0,88.2683872743,77.4999703425,62.8157654355,47.859630808,48.94734969,31.9789351308,32.63156646,50.3613842366,32.63156646,135.421000809,97.89469938,107.140309877,76.684181181,54.3859441,81.57891615,65.26313292,108.8262741441,40.789458075,40.789458075,26.9210423295,13.8684157455,27.736831491,13.052626584,78.859618945,48,63.631554597,58.192960187,0,108.7718882,109.6420633056,54.3859441,56.017522423,54.3859441,55.473662982,81.57891615,81.57891615,114.754342051,89.736807765,54.2771722118,211,211,312,211,211,312,286.8,61.1841871125,81.57891615,5.43859441,67.982430125,0,0,0,81.57891615,0,0,78.4789173363,78.4789173363,139.771876337,54.3859441,54.3859441,87.561370001,52.210506336,53.298225218,59.82453851,15,110.947325964,58.192960187,56.017522423,89.736807765,36.7648982116,108.7718882,57.4315569696,57.4315569696,55.473662982,53.298225218,0,0,0,0,0,0,0,0,0,0,0,0,56.4526099758,57.8122585783,42.421036398,81.57891615,81.57891615,81.57891615,56.561381864,56.017522423,0,600,220,5,0,0,0,0,0,0,0,0,0,0,0,0,0,0,0,0,0,0,70.9736570505,65.26313292,49.491209131,54.3859441,54.3859441,79.403478386,83.210494473,16.31578323,0,0,0,0,0,0,0,0,0,0,0,0,254
20-Sep-2016 23:00:00,350,563,559.426860771593,0,0,0,0,0,0,0,0,0,0,0,0,0,0,0,0,0,0,0,0,0,0,0,0,0,0,0,0,0,0,0,0,0,0,0,68,68,109.2,221,419,413,337,370,0,0,0,0,0,0,0,0,0,0,0,0,0,0,0,0,0,0,0,0,0,0,0,0,0,0,0,0,0,75,107,138,0,0,0,0,0,0,0,0,0,0,0,0,0,0,0,0,0,0,0,0,0,0,0,0,0,0,0,0,0,0,0,0,0,0,0,0,0,516,0,1205,1195,320,322,322,455,325,325,195,540,508.134221950602,168,168,156.4,0,0,0,1280,1280,61,61.2,380,605,0,0,0,0,149,149,172,0,0,0,0,0,0,0,0,0,0,0,0,47,28.5,57.5,72,72,72,72,72,72,36,27,27,27,76,31,18,0,0,0,0,0,75,32,66,66,69,62,0,0,0,0,0,0,0,0,0,0,35,0,0,0,0,15,23.8,0,506.6407575413,15,15,15,14,0,83,83,118,150.422579949802,145,59,0,0,109,109,109,109,0,0,0,366,249,249,240,246,247,252,500,0,0,148,149,150,390,785,0,215,215,224,227,201.9,201.9,201.9,201.9,201.9,201.9,0,0,558,249,134,135,132,132,115,469,0,0,0,0,0,0,0,768,0,155,155,150,0,0,0,0,0,0,39.975644475,387.6,0,0,0,0,0,42.107678847,42.107678847,42.107678847,21.32034372,0,43.9732089225,43.706704626,41.574670254,79.95128895,44.772721812,40.7751573645,52.767850707,32.513524173,19.9878222375,48.7702862595,0,0,0,64.2808363158,60.762979602,113.530830309,98.073581112,119.1274205355,61.295988195,71.956160055,71.956160055,55.965902265,0,0,0,0,42.9071917365,66.1996672506,106.6017186,44.772721812,47.97077337,53.3008593,53.3008593,61.295988195,62.362005381,67.4255870145,111.398795937,33.579541359,940,90.7180625286,63.96103116,53.9404696116,75.4740167688,75.4740167688,30.381489801,42.64068744,37.0973980728,114.3303431985,79.6847846535,99.139598298,59.9634667125,31.98051558,79.95128895,90.3449565135,79.95128895,64.9737474867,85.28137488,0,86.5072946439,75.9537245025,61.5624924915,46.904756184,47.97077337,31.3409052684,31.98051558,49.3565957118,31.98051558,132.719139657,95.94154674,105.002692821,75.154211613,53.3008593,79.95128895,63.96103116,106.6550194593,39.975644475,39.975644475,26.3839253535,13.5917191215,27.183438243,12.792206232,77.286245985,48,62.362005381,57.031919451,0,106.6017186,107.4545323488,53.3008593,54.899885079,53.3008593,54.366876486,79.95128895,79.95128895,112.464813123,87.946417845,53.1942575814,211,211,312,211,211,312,598.891068278404,59.9634667125,79.95128895,5.33008593,66.626074125,0,0,0,79.95128895,0,0,76.9131399699,76.9131399699,136.983208401,53.3008593,53.3008593,85.814383473,51.168824928,52.234842114,58.63094523,15,108.733752972,57.031919451,54.899885079,87.946417845,36.0313808868,106.6017186,56.2857074208,56.2857074208,54.366876486,52.234842114,0,0,0,0,0,0,0,0,0,0,0,0,55.3262919534,56.6588134359,41.574670254,79.95128895,79.95128895,79.95128895,55.432893672,54.899885079,0,600,220,5,0,0,0,0,0,0,0,0,0,0,0,0,0,0,0,0,0,0,69.5576213865,63.96103116,48.503781963,53.3008593,53.3008593,77.819254578,81.550314729,15.99025779,0,0,0,0,0,0,0,0,0,0,0,0,254
